step_size,update_interval,learning_rate,avg_alpha,ess_omega,ess_h,cov_hist,step_hist
"[0.01, 0.01]",100,0.01,0.2165,523.8350164947889,999.4178039457255,"[array([[3.67576223e-04, 6.45035111e-05],
       [6.45035111e-05, 8.05675465e-04]]), array([[4.08508097e-04, 4.21639984e-05],
       [4.21639984e-05, 6.46360798e-04]]), array([[5.77411070e-04, 1.46193066e-05],
       [1.46193066e-05, 5.19701945e-04]]), array([[5.98264640e-04, 3.03331352e-06],
       [3.03331352e-06, 4.17255739e-04]]), array([[ 5.63663213e-04, -4.53438117e-06],
       [-4.53438117e-06,  3.35286772e-04]]), array([[ 5.84610636e-04, -1.28520121e-05],
       [-1.28520121e-05,  2.70086379e-04]]), array([[ 5.77702808e-04, -1.75091585e-05],
       [-1.75091585e-05,  2.17463966e-04]]), array([[ 5.74108781e-04, -2.21547057e-05],
       [-2.21547057e-05,  1.75741829e-04]]), array([[ 5.65883606e-04, -2.52288504e-05],
       [-2.52288504e-05,  1.42270299e-04]]), array([[ 5.51656171e-04, -2.90685010e-05],
       [-2.90685010e-05,  1.15619916e-04]]), array([[ 5.42580075e-04, -3.05132005e-05],
       [-3.05132005e-05,  9.41263878e-05]]), array([[ 5.52264208e-04, -3.36969334e-05],
       [-3.36969334e-05,  7.68484058e-05]]), array([[ 5.51584150e-04, -3.48176048e-05],
       [-3.48176048e-05,  6.30641772e-05]]), array([[ 5.33126234e-04, -3.46461117e-05],
       [-3.46461117e-05,  5.19362085e-05]]), array([[ 5.47142376e-04, -3.70393815e-05],
       [-3.70393815e-05,  4.33661755e-05]]), array([[ 5.36269839e-04, -3.79962787e-05],
       [-3.79962787e-05,  3.64291493e-05]]), array([[ 5.44283194e-04, -3.95139695e-05],
       [-3.95139695e-05,  3.07799675e-05]]), array([[ 5.49186469e-04, -3.94835339e-05],
       [-3.94835339e-05,  2.61806371e-05]]), array([[ 5.59810266e-04, -4.06906114e-05],
       [-4.06906114e-05,  2.25847029e-05]]), array([[ 5.47948864e-04, -3.97124452e-05],
       [-3.97124452e-05,  1.96611699e-05]])]","[[0.019172277462828, 0.02838442292023184], [0.020211583245337558, 0.025423626773016884], [0.02402937931066685, 0.02279697228534699], [0.024459448897187642, 0.020426838690086366], [0.023741592462303545, 0.018310837560300088], [0.02417872279705772, 0.016434304940590602], [0.024035448984826065, 0.014746659485246612], [0.02396056721292327, 0.013256765408488769], [0.023788308168746653, 0.011927711400536993], [0.023487361949542946, 0.010752670201689555], [0.023293348307175516, 0.009701875476047355], [0.023500302289783736, 0.008766322253023729], [0.02348582870578996, 0.007941295689765402], [0.02308952649817589, 0.007206678047129826], [0.023391074711359473, 0.006585299952898632], [0.02315750071012647, 0.006035656490508194], [0.023329877717556905, 0.0055479696755719845], [0.023434727843974556, 0.005116701775219853], [0.02366030992919025, 0.004752336570868162], [0.023408307587889907, 0.004434091782560937]]"
"[0.01, 0.01]",100,0.05,0.21999999999999997,668.5475901831537,1152.332774645371,"[array([[2.24675435e-04, 4.30923676e-05],
       [4.30923676e-05, 7.78934641e-04]]), array([[2.40256184e-04, 3.10511069e-05],
       [3.10511069e-05, 6.24316289e-04]]), array([[2.70962496e-04, 1.99163652e-05],
       [1.99163652e-05, 5.00783615e-04]]), array([[3.47219274e-04, 6.02128360e-06],
       [6.02128360e-06, 4.02363347e-04]]), array([[ 4.05748023e-04, -6.03947968e-06],
       [-6.03947968e-06,  3.23672246e-04]]), array([[ 3.88929099e-04, -8.44306240e-06],
       [-8.44306240e-06,  2.59952753e-04]]), array([[ 4.19271329e-04, -1.57675220e-05],
       [-1.57675220e-05,  2.09836792e-04]]), array([[ 4.65723228e-04, -2.38750219e-05],
       [-2.38750219e-05,  1.70036638e-04]]), array([[ 4.79015168e-04, -2.78334228e-05],
       [-2.78334228e-05,  1.37744312e-04]]), array([[ 5.03309803e-04, -3.31031407e-05],
       [-3.31031407e-05,  1.12206564e-04]]), array([[ 4.77208906e-04, -3.16610873e-05],
       [-3.16610873e-05,  9.10836690e-05]]), array([[ 4.96615992e-04, -3.35992246e-05],
       [-3.35992246e-05,  7.46438325e-05]]), array([[ 5.43739370e-04, -3.71902497e-05],
       [-3.71902497e-05,  6.16039815e-05]]), array([[ 5.71288890e-04, -4.05347592e-05],
       [-4.05347592e-05,  5.12998856e-05]]), array([[ 5.50864202e-04, -3.99247454e-05],
       [-3.99247454e-05,  4.26554864e-05]]), array([[ 5.51984930e-04, -4.14413000e-05],
       [-4.14413000e-05,  3.58707218e-05]]), array([[ 5.55895272e-04, -4.17198358e-05],
       [-4.17198358e-05,  3.04976789e-05]]), array([[ 5.87028135e-04, -4.30958603e-05],
       [-4.30958603e-05,  2.60808883e-05]]), array([[ 5.83616840e-04, -4.19596653e-05],
       [-4.19596653e-05,  2.25708492e-05]]), array([[ 5.73003475e-04, -4.20139280e-05],
       [-4.20139280e-05,  1.99141515e-05]])]","[[0.014989177265287656, 0.027909400589114945], [0.015500199487112431, 0.02498632203913215], [0.016460938498134153, 0.022378195076691025], [0.018633820711251553, 0.02005899664793395], [0.020143187997649765, 0.017990893408782602], [0.019721285436087636, 0.01612305036517756], [0.020476116066902837, 0.014485744427823901], [0.02158062158391234, 0.013039809723628575], [0.021886415143779016, 0.011736452280088683], [0.022434567142160262, 0.010592759961640951], [0.021845111716555028, 0.009543776452894889], [0.022284882580218622, 0.008639666227523369], [0.02331821969511672, 0.007848820386664075], [0.023901650365774192, 0.007162393845517988], [0.023470496414223586, 0.006531116777872878], [0.023494359536804392, 0.005989217125827957], [0.02357743140467052, 0.005522470364570235], [0.02422866350100109, 0.005106945108929007], [0.024158163010556982, 0.004750878780942505], [0.02393749098604848, 0.004462527483682888]]"
"[0.01, 0.01]",100,0.1,0.21080000000000002,536.5520896689554,910.5912149869648,"[array([[ 2.39246402e-04, -5.53524077e-06],
       [-5.53524077e-06,  8.48663865e-04]]), array([[ 3.56433279e-04, -1.77109475e-05],
       [-1.77109475e-05,  6.80959847e-04]]), array([[ 4.26464342e-04, -2.25477226e-05],
       [-2.25477226e-05,  5.46039924e-04]]), array([[ 4.32194332e-04, -2.58642550e-05],
       [-2.58642550e-05,  4.38402185e-04]]), array([[ 5.09481085e-04, -3.26735764e-05],
       [-3.26735764e-05,  3.52490311e-04]]), array([[ 5.16698559e-04, -3.38451582e-05],
       [-3.38451582e-05,  2.83466671e-04]]), array([[ 4.97936345e-04, -3.24670955e-05],
       [-3.24670955e-05,  2.28109791e-04]]), array([[ 5.27617751e-04, -3.57888270e-05],
       [-3.57888270e-05,  1.84404837e-04]]), array([[ 5.36494039e-04, -3.63226788e-05],
       [-3.63226788e-05,  1.49046088e-04]]), array([[ 5.15644169e-04, -3.58745596e-05],
       [-3.58745596e-05,  1.20831175e-04]]), array([[ 5.57320464e-04, -3.79050758e-05],
       [-3.79050758e-05,  9.82998948e-05]]), array([[ 5.70115756e-04, -3.94322969e-05],
       [-3.94322969e-05,  8.02178108e-05]]), array([[ 5.40226099e-04, -3.74606127e-05],
       [-3.74606127e-05,  6.56871991e-05]]), array([[ 5.73086623e-04, -4.04405201e-05],
       [-4.04405201e-05,  5.47063809e-05]]), array([[ 5.66526830e-04, -4.14298113e-05],
       [-4.14298113e-05,  4.54615760e-05]]), array([[ 5.67298899e-04, -4.12643990e-05],
       [-4.12643990e-05,  3.79576366e-05]]), array([[ 5.85618531e-04, -4.30165078e-05],
       [-4.30165078e-05,  3.22265074e-05]]), array([[ 6.04036968e-04, -4.39766412e-05],
       [-4.39766412e-05,  2.73941786e-05]]), array([[ 5.92846482e-04, -4.17431153e-05],
       [-4.17431153e-05,  2.33710565e-05]]), array([[ 5.62028056e-04, -4.01234763e-05],
       [-4.01234763e-05,  2.03586153e-05]])]","[[0.015467591989923079, 0.029131835939227663], [0.018879440651409594, 0.026095207348275768], [0.020651013102710506, 0.02336749716678892], [0.020789284067394744, 0.020938055908115465], [0.02257168769005831, 0.018774725321315446], [0.02273100436572695, 0.016836468474889482], [0.022314487331894485, 0.015103303969709428], [0.02296993145086701, 0.013579574274222657], [0.023162340974214622, 0.01220844330657733], [0.02270779973977388, 0.010992323462269549], [0.023607635722001245, 0.009914630339382691], [0.02387709689142563, 0.008956439627290825], [0.023242764441026693, 0.008104763978054541], [0.02393922770072289, 0.00739637620181017], [0.023801824094252785, 0.006742520003385383], [0.023818037251257338, 0.0061609769187781676], [0.02419955641568359, 0.005676839565241635], [0.02457716354895853, 0.005233944838012138], [0.024348438996934403, 0.00483436206082203], [0.02370713091762463, 0.004512052232348847]]"
"[0.01, 0.01]",200,0.01,0.16725,380.17823902100037,724.1500390437578,"[array([[2.09581995e-04, 4.39417117e-05],
       [4.39417117e-05, 5.44809634e-04]]), array([[3.65456332e-04, 1.79217699e-05],
       [1.79217699e-05, 4.38504097e-04]]), array([[3.91017738e-04, 5.75666631e-06],
       [5.75666631e-06, 3.52464034e-04]]), array([[ 4.25029506e-04, -3.12459589e-06],
       [-3.12459589e-06,  2.83552074e-04]]), array([[ 4.47209664e-04, -1.12069080e-05],
       [-1.12069080e-05,  2.28428194e-04]]), array([[ 5.08032444e-04, -2.07012743e-05],
       [-2.07012743e-05,  1.84757253e-04]]), array([[ 5.42812852e-04, -2.67945246e-05],
       [-2.67945246e-05,  1.49663422e-04]]), array([[ 5.60280051e-04, -3.13177597e-05],
       [-3.13177597e-05,  1.21710476e-04]]), array([[ 5.50406582e-04, -3.29176824e-05],
       [-3.29176824e-05,  9.90725689e-05]]), array([[ 5.37681424e-04, -3.29888363e-05],
       [-3.29888363e-05,  8.08149146e-05]])]","[[0.014476947029018509, 0.023341157518186932], [0.0191169122014855, 0.02094048941540681], [0.019774168451854385, 0.018774025501485946], [0.020616243753273474, 0.016839004555836735], [0.02114733231413442, 0.01511384115116047], [0.02253957506838021, 0.013592544022839175], [0.023298344407416766, 0.012233700239521122], [0.023670235540096552, 0.011032247118883273], [0.023460745561296972, 0.009953520425493464], [0.023187958595207152, 0.008989711597424965]]"
"[0.01, 0.01]",200,0.05,0.15905,347.0245416273021,640.8660231105993,"[array([[2.38813552e-04, 2.23959479e-05],
       [2.23959479e-05, 5.81966926e-04]]), array([[2.86977172e-04, 1.10968394e-05],
       [1.10968394e-05, 4.67197682e-04]]), array([[ 4.48844471e-04, -6.90091730e-06],
       [-6.90091730e-06,  3.76103401e-04]]), array([[ 4.60550197e-04, -1.25833397e-05],
       [-1.25833397e-05,  3.02515212e-04]]), array([[ 5.17646726e-04, -2.17237197e-05],
       [-2.17237197e-05,  2.43866615e-04]]), array([[ 5.25409131e-04, -2.61305889e-05],
       [-2.61305889e-05,  1.96821722e-04]]), array([[ 5.71716027e-04, -3.21170892e-05],
       [-3.21170892e-05,  1.59324603e-04]]), array([[ 5.88848826e-04, -3.60842864e-05],
       [-3.60842864e-05,  1.29359365e-04]]), array([[ 6.15835551e-04, -3.97192876e-05],
       [-3.97192876e-05,  1.05343941e-04]]), array([[ 6.23743664e-04, -4.19279027e-05],
       [-4.19279027e-05,  8.60976209e-05]])]","[[0.015453593508605066, 0.024123990666852207], [0.016940400584048707, 0.021614756116186306], [0.021185949839309104, 0.01939338549880078], [0.02146043329852251, 0.0173929644439843], [0.022751851053569427, 0.015616229204867318], [0.02292180471150307, 0.014029316508714093], [0.02391058400361639, 0.012622384978139084], [0.024266207480895165, 0.011373625868126756], [0.02481603414811483, 0.010263719648603271], [0.024974860642238503, 0.009278880368159687]]"
"[0.01, 0.01]",200,0.1,0.16274999999999998,434.7722949660216,795.3174767377805,"[array([[3.35688675e-04, 1.37762148e-05],
       [1.37762148e-05, 5.58353781e-04]]), array([[3.95791192e-04, 1.19493643e-06],
       [1.19493643e-06, 4.48263213e-04]]), array([[ 4.20504319e-04, -7.10659933e-06],
       [-7.10659933e-06,  3.60200544e-04]]), array([[ 4.90081884e-04, -1.50222778e-05],
       [-1.50222778e-05,  2.89798251e-04]]), array([[ 5.46184230e-04, -2.38372796e-05],
       [-2.38372796e-05,  2.33749761e-04]]), array([[ 5.50698696e-04, -2.82775716e-05],
       [-2.82775716e-05,  1.88713321e-04]]), array([[ 5.50952291e-04, -3.15915802e-05],
       [-3.15915802e-05,  1.52694712e-04]]), array([[ 5.58955977e-04, -3.53830578e-05],
       [-3.53830578e-05,  1.24002039e-04]]), array([[ 5.44780802e-04, -3.56689517e-05],
       [-3.56689517e-05,  1.00782359e-04]]), array([[ 5.55435941e-04, -3.74772646e-05],
       [-3.74772646e-05,  8.23236738e-05]])]","[[0.0183218087248421, 0.023629510811327956], [0.019894501557096326, 0.02117222739070757], [0.020506201962338554, 0.018978950021949718], [0.022137793124470624, 0.017023461786829043], [0.023370584723401224, 0.015288877041435127], [0.02346697032185816, 0.013737296707142785], [0.023472372930704553, 0.012356970173165036], [0.023642249819503254, 0.011135620257197885], [0.02334053988973206, 0.010039041759498097], [0.02356768848617191, 0.009073239433373468]]"
"[0.01, 0.01]",300,0.01,0.16399999999999998,322.3524037652353,667.1820509595098,"[array([[ 3.48995943e-04, -2.60434563e-05],
       [-2.60434563e-05,  4.46947281e-04]]), array([[ 3.74659152e-04, -2.76729544e-05],
       [-2.76729544e-05,  3.59037755e-04]]), array([[ 4.10876300e-04, -3.11956066e-05],
       [-3.11956066e-05,  2.89031089e-04]]), array([[ 4.27532424e-04, -3.24027139e-05],
       [-3.24027139e-05,  2.32731015e-04]]), array([[ 4.82560316e-04, -3.66614809e-05],
       [-3.66614809e-05,  1.88143263e-04]]), array([[ 4.97748959e-04, -3.80977445e-05],
       [-3.80977445e-05,  1.52244046e-04]])]","[[0.018681433112787034, 0.02114112771282163], [0.01935611406032119, 0.018948291618160456], [0.020270083876374502, 0.017000914368289603], [0.020676857197287707, 0.015255524071475688], [0.021967255530989466, 0.013716532466324106], [0.022310288177411874, 0.01233872140687579]]"
"[0.01, 0.01]",300,0.05,0.1594,296.46382635479733,635.9653714110967,"[array([[ 2.41887774e-04, -1.95689733e-06],
       [-1.95689733e-06,  4.20596871e-04]]), array([[ 3.00063060e-04, -8.60658770e-06],
       [-8.60658770e-06,  3.37914226e-04]]), array([[ 3.62659248e-04, -1.57123020e-05],
       [-1.57123020e-05,  2.71868723e-04]]), array([[ 4.28294889e-04, -2.33444026e-05],
       [-2.33444026e-05,  2.19342297e-04]]), array([[ 4.67544796e-04, -2.83874321e-05],
       [-2.83874321e-05,  1.77193792e-04]]), array([[ 4.92054097e-04, -3.20540801e-05],
       [-3.20540801e-05,  1.43509661e-04]])]","[[0.015552741684030438, 0.020508458529572088], [0.01732232836656439, 0.018382443418382206], [0.019043614361737644, 0.016488442101246288], [0.02069528663643983, 0.014810209229793744], [0.02162278418719802, 0.01331141583797516], [0.02218229242259045, 0.011979551775642288]]"
"[0.01, 0.01]",300,0.1,0.16455000000000003,295.29303807988,604.7541821805189,"[array([[2.24563221e-04, 1.35099044e-05],
       [1.35099044e-05, 4.30775445e-04]]), array([[2.88429937e-04, 3.11018821e-06],
       [3.11018821e-06, 3.46154764e-04]]), array([[ 3.18964125e-04, -3.98058532e-06],
       [-3.98058532e-06,  2.78349672e-04]]), array([[ 3.79447405e-04, -1.24801537e-05],
       [-1.24801537e-05,  2.24552607e-04]]), array([[ 4.15599372e-04, -1.82296333e-05],
       [-1.82296333e-05,  1.81274445e-04]]), array([[ 4.44260083e-04, -2.37219798e-05],
       [-2.37219798e-05,  1.46801900e-04]])]","[[0.014985433629570595, 0.020755130581159298], [0.01698322515451932, 0.018605234842352318], [0.01785956675823695, 0.016683814663497956], [0.019479409763901678, 0.01498507948335748], [0.020386254475526777, 0.013463819834948534], [0.02107747810429794, 0.012116183399404713]]"
"[0.02, 0.02]",100,0.01,0.19370000000000004,591.6108505286821,964.2065689070201,"[array([[ 7.23899772e-04, -1.25373152e-05],
       [-1.25373152e-05,  9.13828903e-04]]), array([[ 6.87747753e-04, -1.64409624e-05],
       [-1.64409624e-05,  7.32599944e-04]]), array([[ 7.40005102e-04, -2.78690189e-05],
       [-2.78690189e-05,  5.88208343e-04]]), array([[ 7.58217143e-04, -3.43304669e-05],
       [-3.43304669e-05,  4.72575083e-04]]), array([[ 7.32218195e-04, -3.56256204e-05],
       [-3.56256204e-05,  3.79279132e-04]]), array([[ 6.77350008e-04, -3.50472530e-05],
       [-3.50472530e-05,  3.04849791e-04]]), array([[ 6.13001952e-04, -3.25517704e-05],
       [-3.25517704e-05,  2.45172031e-04]]), array([[ 6.10571769e-04, -3.40716534e-05],
       [-3.40716534e-05,  1.97698068e-04]]), array([[ 5.82658830e-04, -3.47520213e-05],
       [-3.47520213e-05,  1.59753520e-04]]), array([[ 6.15642941e-04, -3.86192109e-05],
       [-3.86192109e-05,  1.29617792e-04]]), array([[ 6.16502705e-04, -4.07515126e-05],
       [-4.07515126e-05,  1.05455802e-04]]), array([[ 6.15172210e-04, -4.23390951e-05],
       [-4.23390951e-05,  8.61234950e-05]]), array([[ 5.95735572e-04, -4.16313428e-05],
       [-4.16313428e-05,  7.05618448e-05]]), array([[ 5.87529886e-04, -4.09651197e-05],
       [-4.09651197e-05,  5.80275654e-05]]), array([[ 5.72458948e-04, -4.07494075e-05],
       [-4.07494075e-05,  4.79797921e-05]]), array([[ 5.72733348e-04, -4.24652124e-05],
       [-4.24652124e-05,  4.01134819e-05]]), array([[ 5.60809735e-04, -4.31712165e-05],
       [-4.31712165e-05,  3.41437178e-05]]), array([[ 5.59141461e-04, -4.39752398e-05],
       [-4.39752398e-05,  2.91456251e-05]]), array([[ 5.50579494e-04, -4.30583283e-05],
       [-4.30583283e-05,  2.49101824e-05]]), array([[ 5.45907774e-04, -4.21448938e-05],
       [-4.21448938e-05,  2.15101629e-05]])]","[[0.026905385564465534, 0.03022960308903835], [0.02622494524503741, 0.02706658352223139], [0.027203034792203686, 0.024253006880977125], [0.027535743009974616, 0.02173879213053052], [0.027059530585123857, 0.019475090049973304], [0.026025948748063413, 0.01745994819231796], [0.024758876225915803, 0.015657970194523498], [0.024709750478099406, 0.014060514484938063], [0.02413832699836063, 0.012639363901139466], [0.02481215308998128, 0.011384981000495113], [0.024829472502803127, 0.010269167531483733], [0.024802665386343303, 0.00928027451310966], [0.024407694926913037, 0.008400109806371788], [0.024239015784978748, 0.007617582645755412], [0.023926114354065983, 0.006926744696592534], [0.023931847988569087, 0.006333520500824952], [0.02368142172017835, 0.00584326260005306], [0.023646172217228294, 0.00539866882225314], [0.023464430405007862, 0.004991010161533406], [0.023364669359636884, 0.00463790501265768]]"
"[0.02, 0.02]",100,0.05,0.19375,525.6389181927112,888.0631021209938,"[array([[8.96726342e-04, 4.28536606e-05],
       [4.28536606e-05, 9.41661801e-04]]), array([[8.94533114e-04, 2.39161979e-05],
       [2.39161979e-05, 7.55205005e-04]]), array([[8.07487807e-04, 1.02165603e-05],
       [1.02165603e-05, 6.05962026e-04]]), array([[ 7.85746481e-04, -1.49227353e-06],
       [-1.49227353e-06,  4.86296509e-04]]), array([[ 7.52610849e-04, -9.64596377e-06],
       [-9.64596377e-06,  3.90524428e-04]]), array([[ 7.16941210e-04, -1.64610353e-05],
       [-1.64610353e-05,  3.14171681e-04]]), array([[ 6.66929158e-04, -1.96256265e-05],
       [-1.96256265e-05,  2.52819655e-04]]), array([[ 6.99128324e-04, -2.61314385e-05],
       [-2.61314385e-05,  2.03856324e-04]]), array([[ 6.86080004e-04, -3.00642870e-05],
       [-3.00642870e-05,  1.64749112e-04]]), array([[ 6.49308345e-04, -3.17659486e-05],
       [-3.17659486e-05,  1.33437389e-04]]), array([[ 6.29359089e-04, -3.47210678e-05],
       [-3.47210678e-05,  1.08631881e-04]]), array([[ 6.27129979e-04, -3.64394634e-05],
       [-3.64394634e-05,  8.84616207e-05]]), array([[ 6.23983781e-04, -3.83853734e-05],
       [-3.83853734e-05,  7.25024296e-05]]), array([[ 6.37853811e-04, -4.11846927e-05],
       [-4.11846927e-05,  5.98429207e-05]]), array([[ 6.41390767e-04, -4.30985866e-05],
       [-4.30985866e-05,  4.96554147e-05]]), array([[ 6.23732835e-04, -4.38540620e-05],
       [-4.38540620e-05,  4.15445744e-05]]), array([[ 6.36393045e-04, -4.47740796e-05],
       [-4.47740796e-05,  3.50833421e-05]]), array([[ 6.30684346e-04, -4.49914155e-05],
       [-4.49914155e-05,  2.99137915e-05]]), array([[ 6.17286349e-04, -4.44225975e-05],
       [-4.44225975e-05,  2.56043997e-05]]), array([[ 6.05502921e-04, -4.46714652e-05],
       [-4.46714652e-05,  2.22608302e-05]])]","[[0.029945389327250105, 0.030686508458650886], [0.029908746443860264, 0.027480993525585536], [0.0284163299286389, 0.024616295953299852], [0.028031169815195583, 0.022052131613285453], [0.027433753820890344, 0.01976169091555853], [0.026775757871380746, 0.017724888738956918], [0.025824971592968832, 0.015900303619343636], [0.02644103485133593, 0.014277826303088218], [0.026193128949912506, 0.012835463050948716], [0.025481529483800933, 0.011551510254842034], [0.025087030285071553, 0.010422661872919316], [0.025042563353803202, 0.009405403803926075], [0.0249796673589641, 0.008514835850294153], [0.02525576787656816, 0.0077358206234397564], [0.025325693806335137, 0.007046659827552118], [0.02497464383520732, 0.006445508079498882], [0.025226831843677654, 0.005923119285196332], [0.025113429601914837, 0.005469350192444766], [0.024845248022096724, 0.005060079025371674], [0.024606968943101878, 0.004718138423757624]]"
"[0.02, 0.02]",100,0.1,0.20554999999999998,591.4086024564157,999.8400476610011,"[array([[8.42581227e-04, 1.82323318e-05],
       [1.82323318e-05, 8.16675169e-04]]), array([[7.67883529e-04, 7.13626603e-06],
       [7.13626603e-06, 6.54867135e-04]]), array([[ 7.33603484e-04, -2.97863081e-06],
       [-2.97863081e-06,  5.25603088e-04]]), array([[ 7.40940187e-04, -1.27162023e-05],
       [-1.27162023e-05,  4.22141185e-04]]), array([[ 7.05667156e-04, -2.00899664e-05],
       [-2.00899664e-05,  3.39566743e-04]]), array([[ 7.17392146e-04, -2.69862593e-05],
       [-2.69862593e-05,  2.73464209e-04]]), array([[ 6.66626380e-04, -2.97467197e-05],
       [-2.97467197e-05,  2.20429924e-04]]), array([[ 6.54404596e-04, -3.07676472e-05],
       [-3.07676472e-05,  1.77812666e-04]]), array([[ 6.20944632e-04, -3.28893664e-05],
       [-3.28893664e-05,  1.43850015e-04]]), array([[ 5.98683065e-04, -3.24665416e-05],
       [-3.24665416e-05,  1.16496564e-04]]), array([[ 5.89984606e-04, -3.33122874e-05],
       [-3.33122874e-05,  9.46773401e-05]]), array([[ 5.94416063e-04, -3.64489308e-05],
       [-3.64489308e-05,  7.75556901e-05]]), array([[ 5.74125548e-04, -3.66020776e-05],
       [-3.66020776e-05,  6.36493374e-05]]), array([[ 5.47973801e-04, -3.60309019e-05],
       [-3.60309019e-05,  5.23958233e-05]]), array([[ 5.45752490e-04, -3.76080593e-05],
       [-3.76080593e-05,  4.36337284e-05]]), array([[ 5.78749689e-04, -4.02396924e-05],
       [-4.02396924e-05,  3.66432142e-05]]), array([[ 5.94066159e-04, -4.12602903e-05],
       [-4.12602903e-05,  3.09746902e-05]]), array([[ 5.94466533e-04, -4.11002065e-05],
       [-4.11002065e-05,  2.62745596e-05]]), array([[ 5.70280096e-04, -3.95492720e-05],
       [-3.95492720e-05,  2.26084006e-05]]), array([[ 5.62294297e-04, -3.94282694e-05],
       [-3.94282694e-05,  1.95872995e-05]])]","[[0.029027249738499412, 0.02857752909462361], [0.027710711455202576, 0.0255903719172825], [0.027085115547262683, 0.02292603516003767], [0.027220216511434504, 0.020546074686854772], [0.026564396390264835, 0.018427336840014123], [0.026784177153840995, 0.01653675326928054], [0.02581910880846391, 0.014846882631771268], [0.025581332967885315, 0.013334641589583807], [0.024918760652102908, 0.011993748981581927], [0.024468000837608535, 0.010793357385330488], [0.02428959872737011, 0.009730228165049922], [0.02438064936547494, 0.008806570849942047], [0.023960917096299644, 0.007978053482248148], [0.023408840224915815, 0.0072384959247040635], [0.02336134606225973, 0.006605583120584524], [0.024057216978203982, 0.006053363871188468], [0.02437347244082725, 0.005565491012053123], [0.024381684370920212, 0.00512587159708703], [0.023880538013872014, 0.004754829186052486], [0.02371274545787899, 0.004425754112582939]]"
"[0.02, 0.02]",200,0.01,0.13795000000000002,435.46353831871863,766.783476949457,"[array([[5.05204684e-04, 2.11725761e-06],
       [2.11725761e-06, 6.15671387e-04]]), array([[ 5.21585331e-04, -6.76232017e-06],
       [-6.76232017e-06,  4.94082908e-04]]), array([[ 5.41207267e-04, -1.46354974e-05],
       [-1.46354974e-05,  3.96979849e-04]]), array([[ 5.65198331e-04, -2.09718384e-05],
       [-2.09718384e-05,  3.19268016e-04]]), array([[ 5.37685329e-04, -2.37008664e-05],
       [-2.37008664e-05,  2.56875255e-04]]), array([[ 5.26320679e-04, -2.72204320e-05],
       [-2.72204320e-05,  2.07431716e-04]]), array([[ 5.68723487e-04, -3.29714099e-05],
       [-3.29714099e-05,  1.67876490e-04]]), array([[ 5.72154576e-04, -3.53303957e-05],
       [-3.53303957e-05,  1.36207000e-04]]), array([[ 5.54850439e-04, -3.63073784e-05],
       [-3.63073784e-05,  1.10505254e-04]]), array([[ 5.69870260e-04, -3.85075766e-05],
       [-3.85075766e-05,  9.01784165e-05]])]","[[0.02247675875563059, 0.024812726320071008], [0.022838242724267207, 0.022227975807201386], [0.023263861817189303, 0.019924353164252458], [0.02377390020157166, 0.017868072527648816], [0.023188042795657712, 0.016027328369861517], [0.02294167995498863, 0.014402489913219196], [0.023847924159347056, 0.012956716000496393], [0.023919752844077487, 0.011670775477205122], [0.023555263513721218, 0.010512147905593796], [0.023871955520671645, 0.009496231699122523]]"
"[0.02, 0.02]",200,0.05,0.13285000000000002,374.06214273957767,555.0835412390234,"[array([[ 7.60095649e-04, -3.78056898e-06],
       [-3.78056898e-06,  5.88802437e-04]]), array([[ 7.07631421e-04, -9.40768146e-06],
       [-9.40768146e-06,  4.72434114e-04]]), array([[ 6.95042283e-04, -1.49480721e-05],
       [-1.49480721e-05,  3.79578439e-04]]), array([[ 6.54956942e-04, -2.05617884e-05],
       [-2.05617884e-05,  3.05357478e-04]]), array([[ 6.50043611e-04, -2.57139305e-05],
       [-2.57139305e-05,  2.45981588e-04]]), array([[ 6.37563939e-04, -2.90981624e-05],
       [-2.90981624e-05,  1.98340534e-04]]), array([[ 6.27180858e-04, -3.35338488e-05],
       [-3.35338488e-05,  1.60442020e-04]]), array([[ 6.32845808e-04, -3.65193997e-05],
       [-3.65193997e-05,  1.29991004e-04]]), array([[ 6.36239994e-04, -3.88515606e-05],
       [-3.88515606e-05,  1.05766242e-04]]), array([[ 6.21597086e-04, -4.01283142e-05],
       [-4.01283142e-05,  8.64787055e-05]])]","[[0.027569832223381524, 0.024265251626840408], [0.026601342470242647, 0.02173554953810969], [0.026363654583652356, 0.0194827728700247], [0.02559212655706872, 0.017474480765693603], [0.025495952836518135, 0.01568380018240003], [0.02525002850088526, 0.01408334243647511], [0.02504357918120578, 0.012666570955633297], [0.025156426778611136, 0.011401359727483882], [0.02522379817211454, 0.010284271576302118], [0.02493184883013051, 0.009299392746376416]]"
"[0.02, 0.02]",200,0.1,0.13825000000000004,391.92734615157764,648.5796869469353,"[array([[4.96172197e-04, 2.69575728e-05],
       [2.69575728e-05, 5.77985382e-04]]), array([[4.98881621e-04, 1.36851978e-05],
       [1.36851978e-05, 4.63962503e-04]]), array([[ 5.97500386e-04, -3.83557849e-06],
       [-3.83557849e-06,  3.73320711e-04]]), array([[ 5.80549763e-04, -1.18609214e-05],
       [-1.18609214e-05,  3.00332563e-04]]), array([[ 5.74612190e-04, -1.71895482e-05],
       [-1.71895482e-05,  2.41846620e-04]]), array([[ 5.89351636e-04, -2.39552083e-05],
       [-2.39552083e-05,  1.95443667e-04]]), array([[ 5.51506676e-04, -2.47193032e-05],
       [-2.47193032e-05,  1.57743688e-04]]), array([[ 5.62869765e-04, -2.83987665e-05],
       [-2.83987665e-05,  1.27921731e-04]]), array([[ 5.61276290e-04, -3.10716950e-05],
       [-3.10716950e-05,  1.03982862e-04]]), array([[ 5.53136142e-04, -3.25670323e-05],
       [-3.25670323e-05,  8.47097440e-05]])]","[[0.022274923047817374, 0.0240413265467448], [0.022335658063497223, 0.021539788842721407], [0.024443821026936163, 0.01932150901424811], [0.024094600296435092, 0.017330105681176745], [0.023971069864263946, 0.015551418592051433], [0.024276565562963166, 0.013980116860757036], [0.02348417926516223, 0.012559605397741844], [0.023724876502581767, 0.011310248951921969], [0.023691270333375713, 0.010197198739349074], [0.023518846522304234, 0.009203789655526604]]"
"[0.02, 0.02]",300,0.01,0.12979999999999997,369.65539032627896,752.3553343553509,"[array([[4.61055630e-04, 1.28007616e-05],
       [1.28007616e-05, 4.97551592e-04]]), array([[4.88085312e-04, 1.40895778e-06],
       [1.40895778e-06, 3.99724605e-04]]), array([[ 5.07879244e-04, -6.40459195e-06],
       [-6.40459195e-06,  3.21121134e-04]]), array([[ 5.14906973e-04, -1.30744049e-05],
       [-1.30744049e-05,  2.58534027e-04]]), array([[ 5.14339191e-04, -1.80275205e-05],
       [-1.80275205e-05,  2.08495948e-04]]), array([[ 5.16137363e-04, -2.21105809e-05],
       [-2.21105809e-05,  1.68377439e-04]])]","[[0.021472205999334647, 0.022305864529610475], [0.022092652888626527, 0.0199931139469502], [0.02253617634137781, 0.017919853061086906], [0.022691561711092663, 0.016078993359180452], [0.022679047392508228, 0.014439388759146961], [0.022718656716877075, 0.012976033264568485]]"
"[0.02, 0.02]",300,0.05,0.12315000000000001,381.95915072773613,665.19503578276,"[array([[5.27506255e-04, 3.61275087e-05],
       [3.61275087e-05, 5.55870769e-04]]), array([[5.67601729e-04, 1.75776866e-05],
       [1.75776866e-05, 4.46794658e-04]]), array([[5.64258532e-04, 5.96383930e-06],
       [5.96383930e-06, 3.59032576e-04]]), array([[ 5.84468042e-04, -5.68216225e-06],
       [-5.68216225e-06,  2.89019815e-04]]), array([[ 5.94447774e-04, -1.46484677e-05],
       [-1.46484677e-05,  2.33012296e-04]]), array([[ 6.10611299e-04, -2.13146785e-05],
       [-2.13146785e-05,  1.88244218e-04]])]","[[0.022967504331609562, 0.023576911782347044], [0.023824393560710106, 0.02113751777114439], [0.02375412663784537, 0.01894815496147228], [0.024175773872607626, 0.01700058277021066], [0.02438129967103776, 0.015264740286678896], [0.024710550357334396, 0.013720212035577276]]"
"[0.02, 0.02]",300,0.1,0.1271,346.9293902976111,565.7256479799462,"[array([[ 4.85147100e-04, -1.45321045e-05],
       [-1.45321045e-05,  5.23094953e-04]]), array([[ 4.98177372e-04, -2.12766811e-05],
       [-2.12766811e-05,  4.20425843e-04]]), array([[ 5.28591526e-04, -2.62340567e-05],
       [-2.62340567e-05,  3.38018174e-04]]), array([[ 5.58673585e-04, -3.13653100e-05],
       [-3.13653100e-05,  2.72304451e-04]]), array([[ 5.45739678e-04, -3.20307880e-05],
       [-3.20307880e-05,  2.19425049e-04]]), array([[ 5.58244912e-04, -3.53194748e-05],
       [-3.53194748e-05,  1.77288646e-04]])]","[[0.022026055032686714, 0.022871269159146283], [0.022319887355205414, 0.020504288395570277], [0.022991118411809848, 0.018385270560936195], [0.023636276889428032, 0.016501649934916724], [0.02336107184799152, 0.014813002696817738], [0.023627207027344874, 0.013314978269771021]]"
"[0.05, 0.05]",100,0.01,0.1278,518.8785467235263,740.559138674379,"[array([[ 2.82297293e-03, -6.03756418e-05],
       [-6.03756418e-05,  2.31783741e-03]]), array([[ 2.34787501e-03, -5.50381450e-05],
       [-5.50381450e-05,  1.85610319e-03]]), array([[ 1.96850180e-03, -5.02443112e-05],
       [-5.02443112e-05,  1.48630451e-03]]), array([[ 1.71224466e-03, -5.04456100e-05],
       [-5.04456100e-05,  1.19100841e-03]]), array([[ 1.48777680e-03, -5.01527147e-05],
       [-5.01527147e-05,  9.54728093e-04]]), array([[ 1.30803806e-03, -4.64915350e-05],
       [-4.64915350e-05,  7.64990612e-04]]), array([[ 1.16060307e-03, -4.91678355e-05],
       [-4.91678355e-05,  6.14250875e-04]]), array([[ 1.00500899e-03, -4.57580555e-05],
       [-4.57580555e-05,  4.93004447e-04]]), array([[ 9.66804277e-04, -5.07628979e-05],
       [-5.07628979e-05,  3.96737401e-04]]), array([[ 8.73939803e-04, -4.64762541e-05],
       [-4.64762541e-05,  3.18611359e-04]]), array([[ 7.93994907e-04, -4.54865583e-05],
       [-4.54865583e-05,  2.56545699e-04]]), array([[ 7.15989571e-04, -4.27008465e-05],
       [-4.27008465e-05,  2.06937260e-04]]), array([[ 7.07437543e-04, -4.31421748e-05],
       [-4.31421748e-05,  1.67403158e-04]]), array([[ 6.84498690e-04, -4.39103502e-05],
       [-4.39103502e-05,  1.35751149e-04]]), array([[ 6.89631100e-04, -4.64574829e-05],
       [-4.64574829e-05,  1.10671090e-04]]), array([[ 6.22409251e-04, -4.25272685e-05],
       [-4.25272685e-05,  9.00270257e-05]]), array([[ 5.92429616e-04, -4.22270396e-05],
       [-4.22270396e-05,  7.36744342e-05]]), array([[ 5.82179548e-04, -4.11691309e-05],
       [-4.11691309e-05,  6.04004757e-05]]), array([[ 5.59554563e-04, -4.01342345e-05],
       [-4.01342345e-05,  4.99593307e-05]]), array([[ 5.66177666e-04, -3.90471750e-05],
       [-3.90471750e-05,  4.14257137e-05]])]","[[0.05313165653449436, 0.048143923962730505], [0.04845487596967827, 0.04308251609086733], [0.0443678014143127, 0.038552620044315714], [0.04137927812551636, 0.034510989722996155], [0.03857170987842764, 0.03089867461442771], [0.036166808758290106, 0.027658463656424492], [0.03406762499199836, 0.024784085124213543], [0.0317018767274704, 0.022203703447129998], [0.031093476433813938, 0.01991826803043071], [0.029562472888826862, 0.01784968791303841], [0.028177915242286928, 0.016017044025224143], [0.02675798143730575, 0.014385314053596896], [0.02659769807871297, 0.012938437247769122], [0.026162925865839334, 0.011651229524568013], [0.026260828245264184, 0.010520032772684188], [0.02494813120309865, 0.009488257251308195], [0.02433987707930056, 0.008583381278088893], [0.024128397120121128, 0.007771774294347317], [0.023654905692235818, 0.007068191475577759], [0.023794488149038603, 0.006436281048598847]]"
"[0.05, 0.05]",100,0.05,0.12689999999999999,470.02838510122353,777.3062726926764,"[array([[ 2.36676538e-03, -5.93731340e-06],
       [-5.93731340e-06,  2.30206927e-03]]), array([[ 1.98029035e-03, -1.08084858e-05],
       [-1.08084858e-05,  1.84358179e-03]]), array([[ 1.71379860e-03, -1.84251693e-05],
       [-1.84251693e-05,  1.47685979e-03]]), array([[ 1.49178284e-03, -2.46899599e-05],
       [-2.46899599e-05,  1.18342477e-03]]), array([[ 1.28959616e-03, -2.82751265e-05],
       [-2.82751265e-05,  9.48730413e-04]]), array([[ 1.15125238e-03, -3.17610522e-05],
       [-3.17610522e-05,  7.60972709e-04]]), array([[ 9.88946989e-04, -3.27139291e-05],
       [-3.27139291e-05,  6.10577539e-04]]), array([[ 9.21936615e-04, -3.74955639e-05],
       [-3.74955639e-05,  4.90504416e-04]]), array([[ 8.50520005e-04, -4.12389607e-05],
       [-4.12389607e-05,  3.94464089e-04]]), array([[ 7.82935358e-04, -4.16821656e-05],
       [-4.16821656e-05,  3.17494752e-04]]), array([[ 7.15319343e-04, -4.11780289e-05],
       [-4.11780289e-05,  2.55666055e-04]]), array([[ 6.73118479e-04, -4.04352434e-05],
       [-4.04352434e-05,  2.06031196e-04]]), array([[ 6.30085752e-04, -3.88851652e-05],
       [-3.88851652e-05,  1.66322718e-04]]), array([[ 6.24040097e-04, -4.10576413e-05],
       [-4.10576413e-05,  1.35153804e-04]]), array([[ 6.13019154e-04, -4.16620571e-05],
       [-4.16620571e-05,  1.09887524e-04]]), array([[ 6.93541183e-04, -4.98080792e-05],
       [-4.98080792e-05,  9.01253752e-05]]), array([[ 6.81214413e-04, -4.98539900e-05],
       [-4.98539900e-05,  7.40107531e-05]]), array([[ 6.29460223e-04, -4.59068642e-05],
       [-4.59068642e-05,  6.04168398e-05]]), array([[ 6.28807510e-04, -4.57047830e-05],
       [-4.57047830e-05,  4.99588485e-05]]), array([[ 6.3630293e-04, -4.5973609e-05],
       [-4.5973609e-05,  4.1703273e-05]])]","[[0.0486494129253945, 0.047979884060208006], [0.04450045339303651, 0.04293695133958967], [0.04139805071503709, 0.038429933480618655], [0.03862360464250567, 0.034400941456238066], [0.035910947581213964, 0.03080146770716614], [0.03393011029719922, 0.027585733789635577], [0.031447527544817236, 0.02470986724656926], [0.030363409143588996, 0.022147334293929007], [0.029163676116381196, 0.019861120037967053], [0.027980982072356123, 0.01781838242973128], [0.026745454618307223, 0.015989560807631704], [0.025944526964425972, 0.014353786817771967], [0.02510150895051148, 0.012896616517831617], [0.02498079456440492, 0.011625566820000129], [0.02475922362331294, 0.010482725048623718], [0.026335170068958285, 0.009493438535974168], [0.02610008454739801, 0.008602950258397286], [0.02508904588477878, 0.007772827017708665], [0.025076034582326438, 0.007068157363707545], [0.025225045695029195, 0.006457807139156566]]"
"[0.05, 0.05]",100,0.1,0.1335,596.2618196280993,870.9771095380216,"[array([[ 2.85588288e-03, -2.25493194e-05],
       [-2.25493194e-05,  2.18281498e-03]]), array([[ 2.41317969e-03, -2.82904459e-05],
       [-2.82904459e-05,  1.74838353e-03]]), array([[ 2.11357692e-03, -3.46536494e-05],
       [-3.46536494e-05,  1.40051952e-03]]), array([[ 1.79861901e-03, -3.60332397e-05],
       [-3.60332397e-05,  1.12176796e-03]]), array([[ 1.52644888e-03, -3.43079250e-05],
       [-3.43079250e-05,  8.98465351e-04]]), array([[ 1.33728948e-03, -3.84919097e-05],
       [-3.84919097e-05,  7.21033621e-04]]), array([[ 1.23496261e-03, -4.30132690e-05],
       [-4.30132690e-05,  5.79120655e-04]]), array([[ 1.10910959e-03, -4.50235900e-05],
       [-4.50235900e-05,  4.65321945e-04]]), array([[ 9.62095139e-04, -4.06057820e-05],
       [-4.06057820e-05,  3.73512208e-04]]), array([[ 8.20881768e-04, -3.66140819e-05],
       [-3.66140819e-05,  3.00399616e-04]]), array([[ 7.87492422e-04, -3.70241917e-05],
       [-3.70241917e-05,  2.42005221e-04]]), array([[ 7.36576972e-04, -3.75929099e-05],
       [-3.75929099e-05,  1.95312291e-04]]), array([[ 6.97612440e-04, -3.76374935e-05],
       [-3.76374935e-05,  1.57874758e-04]]), array([[ 6.65757166e-04, -3.88161145e-05],
       [-3.88161145e-05,  1.28095908e-04]]), array([[ 6.84965000e-04, -4.38922839e-05],
       [-4.38922839e-05,  1.04805162e-04]]), array([[ 6.88577571e-04, -4.62358291e-05],
       [-4.62358291e-05,  8.57661306e-05]]), array([[ 6.79233769e-04, -4.68152327e-05],
       [-4.68152327e-05,  7.04123012e-05]]), array([[ 6.43350721e-04, -4.46385054e-05],
       [-4.46385054e-05,  5.78153826e-05]]), array([[ 6.33006181e-04, -4.53257597e-05],
       [-4.53257597e-05,  4.81524000e-05]]), array([[ 6.11287591e-04, -4.26199087e-05],
       [-4.26199087e-05,  4.00686361e-05]])]","[[0.053440461058229166, 0.04672060552293746], [0.04912412531303553, 0.041813676323656526], [0.04597365463725508, 0.037423515550027216], [0.04241012867018617, 0.03349280464408041], [0.03906979492158413, 0.029974411607423087], [0.036568968865404686, 0.02685206921432704], [0.03514203486223825, 0.024064925832817524], [0.03330329704745717, 0.021571322272199992], [0.031017658504620738, 0.019326463924346015], [0.028651034330276447, 0.01733204014384556], [0.028062295379008336, 0.015556516999481728], [0.027139951585844563, 0.01397541737579586], [0.026412353921252008, 0.012564822229147083], [0.025802270562841657, 0.011317946290528444], [0.026171836008981042, 0.010237439244585275], [0.02624076162401312, 0.009261000516975803], [0.026062113672463777, 0.008391203801198226], [0.02536435925964144, 0.007603642718762949], [0.025159614079988155, 0.0069391930366310495], [0.024724230846201015, 0.00632997915627491]]"
"[0.05, 0.05]",200,0.01,0.0624,354.9972824767455,432.2662973874824,"[array([[2.41636034e-03, 4.75564007e-06],
       [4.75564007e-06, 2.18067295e-03]]), array([[ 2.02883783e-03, -3.44389935e-06],
       [-3.44389935e-06,  1.74579460e-03]]), array([[ 1.70531047e-03, -8.07483329e-06],
       [-8.07483329e-06,  1.39790432e-03]]), array([[ 1.50519649e-03, -1.72778101e-05],
       [-1.72778101e-05,  1.12009900e-03]]), array([[ 1.28294318e-03, -1.99897580e-05],
       [-1.99897580e-05,  8.97445860e-04]]), array([[ 1.14059517e-03, -2.47187971e-05],
       [-2.47187971e-05,  7.19734080e-04]]), array([[ 1.03595082e-03, -2.99770037e-05],
       [-2.99770037e-05,  5.77574279e-04]]), array([[ 9.47896849e-04, -3.31960446e-05],
       [-3.31960446e-05,  4.63772368e-04]]), array([[ 8.65611474e-04, -3.51043096e-05],
       [-3.51043096e-05,  3.72880409e-04]]), array([[ 8.48130293e-04, -4.10763175e-05],
       [-4.10763175e-05,  3.00239169e-04]])]","[[0.04915648823853646, 0.04669767601852366], [0.04504262237939066, 0.04178270695840399], [0.041295404978363176, 0.03738855874054692], [0.038796861837409345, 0.03346788009866186], [0.03581819625842494, 0.029957400749145716], [0.03377269853593356, 0.026827860150315214], [0.03218618988645807, 0.02403277510175183], [0.030787933497720518, 0.021535374816305686], [0.02942127588049473, 0.01931011156180314], [0.029122676610281745, 0.017327410902153288]]"
"[0.05, 0.05]",200,0.05,0.06375,350.84588482591533,463.55118090233583,"[array([[ 2.52870690e-03, -3.22105914e-05],
       [-3.22105914e-05,  2.17081212e-03]]), array([[ 2.15132254e-03, -3.37955572e-05],
       [-3.37955572e-05,  1.73821328e-03]]), array([[ 1.80392627e-03, -3.30487323e-05],
       [-3.30487323e-05,  1.39195427e-03]]), array([[ 1.51452378e-03, -3.09134863e-05],
       [-3.09134863e-05,  1.11494485e-03]]), array([[ 1.32821016e-03, -3.37704056e-05],
       [-3.37704056e-05,  8.93633627e-04]]), array([[ 1.21231579e-03, -3.80191868e-05],
       [-3.80191868e-05,  7.16624588e-04]]), array([[ 1.10038060e-03, -3.97236568e-05],
       [-3.97236568e-05,  5.75028346e-04]]), array([[ 1.01149097e-03, -4.14899122e-05],
       [-4.14899122e-05,  4.61864848e-04]]), array([[ 9.07164230e-04, -4.12000224e-05],
       [-4.12000224e-05,  3.71164979e-04]]), array([[ 8.99245853e-04, -4.76264363e-05],
       [-4.76264363e-05,  2.99264025e-04]])]","[[0.050286249650072994, 0.04659197481084296], [0.04638235159532321, 0.04169188506806683], [0.04247265317191715, 0.03730890334907789], [0.03891688301860776, 0.033390789854390125], [0.036444617746014187, 0.02989370547098259], [0.03481832548182168, 0.02676984475347005], [0.03317198518015128, 0.02397974867105953], [0.031803945789691423, 0.021491041110073734], [0.030119167150755057, 0.019265642443972598], [0.029987428243118123, 0.01729924925087958]]"
"[0.05, 0.05]",200,0.1,0.06239999999999999,400.2829842010132,498.9089644487768,"[array([[ 2.47956771e-03, -3.28856166e-05],
       [-3.28856166e-05,  2.12276427e-03]]), array([[ 2.09280154e-03, -3.47075659e-05],
       [-3.47075659e-05,  1.69980333e-03]]), array([[ 1.78357809e-03, -3.65349821e-05],
       [-3.65349821e-05,  1.36172387e-03]]), array([[ 1.52677191e-03, -3.65134028e-05],
       [-3.65134028e-05,  1.09082090e-03]]), array([[ 1.32719961e-03, -3.56491732e-05],
       [-3.56491732e-05,  8.74005885e-04]]), array([[ 1.17302130e-03, -3.72061049e-05],
       [-3.72061049e-05,  7.01026626e-04]]), array([[ 1.05931662e-03, -3.71182702e-05],
       [-3.71182702e-05,  5.62302194e-04]]), array([[ 9.46636654e-04, -3.67594711e-05],
       [-3.67594711e-05,  4.51344016e-04]]), array([[ 8.62299160e-04, -3.82907102e-05],
       [-3.82907102e-05,  3.62776216e-04]]), array([[ 7.78029500e-04, -3.71827789e-05],
       [-3.71827789e-05,  2.91628409e-04]])]","[[0.04979525791346064, 0.046073466059489504], [0.04574714789828178, 0.04122867116195638], [0.042232429330963585, 0.03690154298436505], [0.03907392876634357, 0.03302757786221304], [0.036430750915013445, 0.02956359053784954], [0.03424939851282152, 0.02647690741623929], [0.03254714454894083, 0.023712911974033836], [0.030767460962328377, 0.021244858581826224], [0.029364930778714625, 0.01904668518172662], [0.027893180161236274, 0.01707713117017823]]"
"[0.05, 0.05]",300,0.01,0.0514,372.24333253429756,400.05209609519164,"[array([[ 2.22828276e-03, -1.92066630e-05],
       [-1.92066630e-05,  2.10142436e-03]]), array([[ 1.90167187e-03, -2.41487758e-05],
       [-2.41487758e-05,  1.68287264e-03]]), array([[ 1.61582246e-03, -2.61376540e-05],
       [-2.61376540e-05,  1.34788543e-03]]), array([[ 1.42139206e-03, -3.20998710e-05],
       [-3.20998710e-05,  1.08051773e-03]]), array([[ 1.23319530e-03, -3.22497746e-05],
       [-3.22497746e-05,  8.65882806e-04]]), array([[ 1.07996852e-03, -3.29400603e-05],
       [-3.29400603e-05,  6.94314881e-04]])]","[[0.047204690020522334, 0.04584129539481249], [0.043608162908265635, 0.04102283077274665], [0.040197294138324, 0.03671355925294183], [0.037701353565449514, 0.03287122957814756], [0.03511688057210169, 0.02942588666508303], [0.03286287454291101, 0.026349855418158086]]"
"[0.05, 0.05]",300,0.05,0.0504,319.7777015166531,403.0483643037313,"[array([[ 2.28590767e-03, -1.36555911e-05],
       [-1.36555911e-05,  2.07774058e-03]]), array([[ 1.92040232e-03, -1.84428752e-05],
       [-1.84428752e-05,  1.66366860e-03]]), array([[ 1.66335554e-03, -2.53421471e-05],
       [-2.53421471e-05,  1.33271230e-03]]), array([[ 1.43478735e-03, -2.91619854e-05],
       [-2.91619854e-05,  1.06782484e-03]]), array([[ 1.27394173e-03, -3.38084214e-05],
       [-3.38084214e-05,  8.56212256e-04]]), array([[ 1.15025495e-03, -3.72463573e-05],
       [-3.72463573e-05,  6.86731171e-04]])]","[[0.04781116674152529, 0.045582239688754994], [0.04382239521186864, 0.04078809381402816], [0.04078425605088595, 0.036506332333303734], [0.03787858699657768, 0.032677589246041784], [0.03569232038595381, 0.0292611048384511], [0.03391540875490852, 0.026205556109930427]]"
"[0.05, 0.05]",300,0.1,0.04885,297.92982320695944,441.12985357889073,"[array([[ 2.53633508e-03, -3.83758779e-05],
       [-3.83758779e-05,  2.10572127e-03]]), array([[ 2.13514048e-03, -4.01535066e-05],
       [-4.01535066e-05,  1.68641901e-03]]), array([[ 1.79978058e-03, -3.83462182e-05],
       [-3.83462182e-05,  1.35038151e-03]]), array([[ 1.53399653e-03, -3.84108892e-05],
       [-3.84108892e-05,  1.08190470e-03]]), array([[ 1.35034510e-03, -3.96907154e-05],
       [-3.96907154e-05,  8.67218222e-04]]), array([[ 1.22254709e-03, -4.28884580e-05],
       [-4.28884580e-05,  6.95625705e-04]])]","[[0.050362040115772104, 0.04588813871227393], [0.046207580360834874, 0.04106603225486677], [0.042423820935614275, 0.036747537458170214], [0.03916626770324541, 0.03289231975631324], [0.03674704199548564, 0.029448569099302623], [0.034964940829688165, 0.026374717152183962]]"
